{"Train Predicted Boxes": {"_type": "image-file", "sha256": "0a01aea808856c74ca3f648eb86a09bf17456411f588836ad61c2eb9ed02196d", "size": 3177947, "path": "media/images/Train Predicted Boxes_0_0a01aea808856c74ca3f.png", "format": "png", "width": 1920, "height": 1080}, "_timestamp": 1721446659.9930186, "_runtime": 23.511927604675293, "_step": 1, "train_loss": 0.15511282289657613, "valid_iou": 0.0, "epoch": 1}